{
  "ROC_AUC": 0.9831545224855643,
  "PR_AUC": 0.9561413315411186,
  "Best_Threshold_F1": 0.44333333333333336,
  "Accuracy": 0.9461578672242551,
  "Macro_F1": 0.9338926851133315,
  "Confusion_Matrix": [
    [
      1317,
      47
    ],
    [
      56,
      493
    ]
  ],
  "Classification_Report": {
    "NOT_CONFIRMED": {
      "precision": 0.9592134013109979,
      "recall": 0.9655425219941349,
      "f1-score": 0.9623675557179393,
      "support": 1364.0
    },
    "CONFIRMED": {
      "precision": 0.912962962962963,
      "recall": 0.8979963570127505,
      "f1-score": 0.9054178145087236,
      "support": 549.0
    },
    "accuracy": 0.9461578672242551,
    "macro avg": {
      "precision": 0.9360881821369804,
      "recall": 0.9317694395034427,
      "f1-score": 0.9338926851133315,
      "support": 1913.0
    },
    "weighted avg": {
      "precision": 0.9459402749894761,
      "recall": 0.9461578672242551,
      "f1-score": 0.9460239028565387,
      "support": 1913.0
    }
  },
  "N_features_numeric": 13,
  "N_features_categorical": 0,
  "Rows_Total": 9564,
  "Rows_Labeled": 9564,
  "koi_score_excluded": true,
  "model_notes": "koi_score excluido por decisi\u00f3n basada en experimento (solo +0.32% mejora)"
}