{
  "ROC_AUC": 0.9831545224855643,
  "PR_AUC": 0.9561413315411186,
  "Best_Threshold_F1": 0.44333333333333336,
  "Accuracy": 0.9461578672242551,
  "Macro_F1": 0.9338926851133315,
  "Positives_in_Test": 549,
  "Negatives_in_Test": 1364,
  "N_features_numeric": 13,
  "N_features_categorical": 0,
  "koi_score_excluded": true
}