{
  "ROC_AUC": 0.8889116129237357,
  "PR_AUC": 0.7774135878898871,
  "Best_Threshold_F1": 0.3433333333333333,
  "Accuracy": 0.8124264532831255,
  "Macro_F1": 0.7868441653437478,
  "Positives_in_Test": 1265,
  "Negatives_in_Test": 2984,
  "N_features_numeric": 8,
  "N_features_categorical": 1
}